{
  "tools": {
    "axe": {
      "name": "Axe",
      "icon": "minecraft:diamond_axe",
      "toollist": [
        "IC2:itemToolBronzeAxe",
        "IC2:itemToolChainsaw",
        "MekanismTools:BronzePaxel",
        "TConstruct:hatchet",
        "TConstruct:mattock",
        "appliedenergistics2:item.ToolCertusQuartzAxe",
        "appliedenergistics2:item.ToolNetherQuartzAxe",
        "minecraft:diamond_axe",
        "minecraft:golden_axe",
        "minecraft:iron_axe",
        "minecraft:stone_axe",
        "minecraft:wooden_axe"
      ],
      "blocklist": []
    },
    "crook": {
      "name": "Crook",
      "icon": "exnihilo:crook",
      "toollist": [
        "exnihilo:crook",
        "exnihilo:crook_bone"
      ],
      "blocklist": [
        "minecraft:leaves",
        "minecraft:leaves2",
        "minecraft:tallgrass",
        "minecraft:vine",
        "minecraft:web",
        "minecraft:wool"
      ]
    },
    "hammer": {
      "name": "Hammer",
      "icon": "exnihilo:hammer_stone",
      "toollist": [
        "exnihilo:hammer_diamond",
        "exnihilo:hammer_gold",
        "exnihilo:hammer_iron",
        "exnihilo:hammer_stone",
        "exnihilo:hammer_wood"
      ],
      "blocklist": [
        "exnihilo:aluminum_dust",
        "exnihilo:aluminum_gravel",
        "exnihilo:aluminum_sand",
        "exnihilo:copper_dust",
        "exnihilo:copper_gravel",
        "exnihilo:copper_sand",
        "exnihilo:dust",
        "exnihilo:ender_lead_gravel",
        "exnihilo:ender_platinum_gravel",
        "exnihilo:ender_silver_gravel",
        "exnihilo:ender_tin_gravel",
        "exnihilo:exnihilo.gravel_ender",
        "exnihilo:exnihilo.gravel_nether",
        "exnihilo:gold_dust",
        "exnihilo:gold_gravel",
        "exnihilo:gold_sand",
        "exnihilo:iron_dust",
        "exnihilo:iron_gravel",
        "exnihilo:iron_sand",
        "exnihilo:lead_dust",
        "exnihilo:lead_gravel",
        "exnihilo:lead_sand",
        "exnihilo:nether_copper_gravel",
        "exnihilo:nether_gold_gravel",
        "exnihilo:nether_iron_gravel",
        "exnihilo:nether_nickel_gravel",
        "exnihilo:nickel_dust",
        "exnihilo:nickel_gravel",
        "exnihilo:nickel_sand",
        "exnihilo:platinum_dust",
        "exnihilo:platinum_gravel",
        "exnihilo:platinum_sand",
        "exnihilo:silver_dust",
        "exnihilo:silver_gravel",
        "exnihilo:silver_sand",
        "exnihilo:tin_dust",
        "exnihilo:tin_gravel",
        "exnihilo:tin_sand",
        "minecraft:cobblestone",
        "minecraft:gravel",
        "minecraft:sand"
      ]
    },
    "hoe": {
      "name": "Hoe",
      "icon": "minecraft:diamond_hoe",
      "toollist": [
        "IC2:itemToolBronzeHoe",
        "TConstruct:mattock",
        "appliedenergistics2:item.ToolCertusQuartzHoe",
        "appliedenergistics2:item.ToolNetherQuartzHoe",
        "minecraft:diamond_hoe",
        "minecraft:golden_hoe",
        "minecraft:iron_hoe",
        "minecraft:stone_hoe",
        "minecraft:wooden_hoe"
      ],
      "blocklist": [
        "minecraft:carrots",
        "minecraft:melon_block",
        "minecraft:potatoes",
        "minecraft:pumpkin",
        "minecraft:wheat"
      ]
    },
    "pickaxe": {
      "name": "Pickaxe",
      "icon": "minecraft:diamond_pickaxe",
      "toollist": [
        "IC2:itemToolBronzePickaxe",
        "IC2:itemToolDDrill",
        "IC2:itemToolDrill",
        "IC2:itemToolIridiumDrill",
        "MekanismTools:BronzePaxel",
        "TConstruct:pickaxe",
        "appliedenergistics2:item.ToolCertusQuartzPickaxe",
        "appliedenergistics2:item.ToolNetherQuartzPickaxe",
        "minecraft:diamond_pickaxe",
        "minecraft:golden_pickaxe",
        "minecraft:iron_pickaxe",
        "minecraft:stone_pickaxe",
        "minecraft:wooden_pickaxe"
      ],
      "blocklist": [
        "BigReactors:YelloriteOre/0",
        "DraconicEvolution:draconiumOre/0",
        "IC2:blockOreCopper/0",
        "IC2:blockOreLead/0",
        "IC2:blockOreTin/0",
        "IC2:blockOreUran/0",
        "Mekanism:OreBlock/0",
        "Mekanism:OreBlock/1",
        "Mekanism:OreBlock/2",
        "ProjRed|Exploration:projectred.exploration.ore/0",
        "ProjRed|Exploration:projectred.exploration.ore/1",
        "ProjRed|Exploration:projectred.exploration.ore/2",
        "ProjRed|Exploration:projectred.exploration.ore/3",
        "ProjRed|Exploration:projectred.exploration.ore/4",
        "ProjRed|Exploration:projectred.exploration.ore/5",
        "ProjRed|Exploration:projectred.exploration.ore/6",
        "TConstruct:GravelOre/0",
        "TConstruct:GravelOre/1",
        "TConstruct:GravelOre/2",
        "TConstruct:GravelOre/3",
        "TConstruct:GravelOre/4",
        "TConstruct:GravelOre/5",
        "TConstruct:SearedBrick/1",
        "TConstruct:SearedBrick/2",
        "TConstruct:SearedBrick/3",
        "TConstruct:SearedBrick/4",
        "TConstruct:SearedBrick/5",
        "TConstruct:ore.berries.one/0",
        "TConstruct:ore.berries.one/1",
        "TConstruct:ore.berries.one/2",
        "TConstruct:ore.berries.one/3",
        "TConstruct:ore.berries.two/0",
        "TConstruct:ore.berries.two/1",
        "ThermalFoundation:Ore/0",
        "ThermalFoundation:Ore/1",
        "ThermalFoundation:Ore/2",
        "ThermalFoundation:Ore/3",
        "ThermalFoundation:Ore/4",
        "ThermalFoundation:Ore/5",
        "ThermalFoundation:Ore/6",
        "appliedenergistics2:tile.OreQuartz/0",
        "appliedenergistics2:tile.OreQuartzCharged/0",
        "ganysend:rawEndium/0",
        "magicalcrops:MinicioOre/0",
        "minecraft:coal_ore",
        "minecraft:cobblestone_wall",
        "minecraft:diamond_ore",
        "minecraft:emerald_ore",
        "minecraft:glowstone",
        "minecraft:gold_ore",
        "minecraft:iron_ore",
        "minecraft:lapis_ore",
        "minecraft:lit_redstone_ore",
        "minecraft:mossy_cobblestone",
        "minecraft:nether_brick_fence",
        "minecraft:obsidian",
        "minecraft:quartz_ore",
        "minecraft:redstone_ore",
        "mo:dilithium_ore/0",
        "mo:tritanium_ore/0"
      ]
    },
    "shears": {
      "name": "Shears",
      "icon": "minecraft:shears",
      "toollist": [
        "IC2:itemToolBronzeHoe",
        "minecraft:shears"
      ],
      "blocklist": [
        "IC2:blockRubLeaves",
        "minecraft:deadbush",
        "minecraft:leaves",
        "minecraft:leaves2",
        "minecraft:tallgrass",
        "minecraft:vine",
        "minecraft:web",
        "minecraft:wool"
      ]
    },
    "shovel": {
      "name": "Shovel",
      "icon": "minecraft:diamond_shovel",
      "toollist": [
        "IC2:itemToolBronzeSpade",
        "MekanismTools:BronzePaxel",
        "TConstruct:mattock",
        "TConstruct:shovel",
        "appliedenergistics2:item.ToolCertusQuartzSpade",
        "appliedenergistics2:item.ToolNetherQuartzSpade",
        "minecraft:diamond_shovel",
        "minecraft:golden_shovel",
        "minecraft:iron_shovel",
        "minecraft:stone_shovel",
        "minecraft:wooden_shovel"
      ],
      "blocklist": [
        "minecraft:clay",
        "minecraft:gravel"
      ]
    }
  }
}